file_name,label
MDZ086.JPG,0086
MDZ086_1.JPG,0086
MDZ086_2.JPG,0086
MDZ087 _1.JPG,0087
MDZ087 _10.JPG,0087
MDZ087 _11.JPG,0087
MDZ087 _12.JPG,0087
MDZ087 _2.JPG,0087
MDZ087 _3.JPG,0087
MDZ087 _4.JPG,0087
MDZ087 _5.JPG,0087
MDZ087 _6.JPG,0087
MDZ087 _7.JPG,0087
MDZ087 _8.JPG,0087
MDZ087 _9.JPG,0087
MDZ087.JPG,0087
MDZ087_2.JPG,0087
MDZ087_3.JPG,0087
MDZ088 _1.JPG,0088
MDZ088 _2.JPG,0088
MDZ088 _3.JPG,0088
MDZ088 _4.JPG,0088
MDZ088 _5.JPG,0088
MDZ088 _6.JPG,0088
MDZ088 _7.JPG,0088
MDZ088.JPG,0088
MDZ088_1.JPG,0088
MDZ089 _1.JPG,0089
MDZ089 _2.JPG,0089
MDZ089 _3.JPG,0089
MDZ089 _4.JPG,0089
MDZ089 _5.JPG,0089
MDZ089 _6.JPG,0089
MDZ089 _7.JPG,0089
MDZ089 _8.JPG,0089
MDZ089.JPG,0089
MDZ090 _1.JPG,0090
MDZ090 _2.JPG,0090
MDZ090 _3.JPG,0090
MDZ090 _4.JPG,0090
MDZ090 _5.JPG,0090
MDZ090 _6.JPG,0090
MDZ090 _7.JPG,0090
MDZ090 _8.JPG,0090
MDZ090 _9.JPG,0090
MDZ091 _1.JPG,0091
MDZ091 _2.JPG,0091
MDZ091 _3.JPG,0091
MDZ091 _4.JPG,0091
MDZ091 _5.JPG,0091
MDZ091 _6.JPG,0091
MDZ091 _7.JPG,0091
MDZ091 _8.JPG,0091
MDZ092 _1.JPG,0092
MDZ092 _2.JPG,0092
MDZ092 _3.JPG,0092
MDZ092 _4.JPG,0092
MDZ092 _5.JPG,0092
MDZ092 _6.JPG,0092
MDZ092 _7.JPG,0092
MDZ093 _1.JPG,0093
MDZ093 _2.JPG,0093
MDZ093 _3.JPG,0093
MDZ093 _4.JPG,0093
MDZ093 _5.JPG,0093
MDZ093 _6.JPG,0093
MDZ093 _7.JPG,0093
MDZ093 _8.JPG,0093
MDZ093 _9.JPG,0093
MDZ094 _1.JPG,0094
MDZ094 _10.JPG,0094
MDZ094 _2.JPG,0094
MDZ094 _3.JPG,0094
MDZ094 _4.JPG,0094
MDZ094 _5.JPG,0094
MDZ094 _6.JPG,0094
MDZ094 _7.JPG,0094
MDZ094 _8.JPG,0094
MDZ094 _9.JPG,0094
MDZ095 _1.JPG,0095
MDZ095 _2.JPG,0095
MDZ095 _3.JPG,0095
MDZ095_3.JPG,0095
MDZ095_4.JPG,0095
MDZ095_5.JPG,0095
MDZ096 _1.JPG,0096
MDZ096 _2.JPG,0096
MDZ096 _3.JPG,0096
MDZ096 _4.JPG,0096
MDZ096 _5.JPG,0096
MDZ096 _6.JPG,0096
MDZ096 _7.JPG,0096
MDZ096 _8.JPG,0096
MDZ097 _1.JPG,0097
MDZ097 _2.JPG,0097
MDZ097 _3.JPG,0097
MDZ097_3.JPG,0097
MDZ097_4.JPG,0097
MDZ098.JPG,0098
MDZ098_1.JPG,0098
MDZ098_10.JPG,0098
MDZ098_2.JPG,0098
MDZ098_20.JPG,0098
MDZ098_30.JPG,0098
MDZ098_40.JPG,0098
MDZ099_1.JPG,0099
MDZ099_2.JPG,0099
MDZ099_3.JPG,0099
MDZ099_4.JPG,0099
MDZ099_5.JPG,0099
MDZ100.JPG,0100
MDZ100_1.JPG,0100
MDZ100_2.JPG,0100
MDZ100_3.JPG,0100
MDZ100_4.JPG,0100
MDZ100_5.JPG,0100
MDZ100_6.JPG,0100
MDZ100_7.JPG,0100
MDZ101_1.JPG,0101
MDZ101_2.JPG,0101
MDZ102_1.JPG,0102
MDZ102_2.JPG,0102
MDZ103_1.JPG,0103
MDZ103_2.JPG,0103
MDZ103_3.JPG,0103
MDZ103_4.JPG,0103
MDZ103_5.JPG,0103
MDZ103_6.JPG,0103
MDZ104_1.JPG,0104
MDZ104_2.JPG,0104
MDZ104_3.JPG,0104
MDZ104_4.JPG,0104
MDZ104_5.JPG,0104
MDZ104_6.JPG,0104
MDZ104_7.JPG,0104
MDZ105_1.JPG,0105
MDZ105_2.JPG,0105
MDZ105_3.JPG,0105
MDZ105_4.JPG,0105
MDZ105_5.jpeg,0105
MDZ105_6.jpeg,0105
MDZ106_1.JPG,0106
MDZ106_10.JPG,0106
MDZ106_2.JPG,0106
MDZ106_3.JPG,0106
MDZ106_4.JPG,0106
MDZ106_5.JPG,0106
MDZ106_6.JPG,0106
MDZ106_7.JPG,0106
MDZ106_8.JPG,0106
MDZ106_9.JPG,0106
MDZ107_1.JPG,0107
MDZ107_2.JPG,0107
MDZ107_3.JPG,0107
MDZ107_4.JPG,0107
MDZ107_5.JPG,0107
MDZ108_1.JPG,0108
MDZ108_2.JPG,0108
MDZ108_3.JPG,0108
MDZ108_4.JPG,0108
MDZ108_5.JPG,0108
MDZ108_6.JPG,0108
MDZ108_7.JPG,0108
MDZ108_8.JPG,0108
MDZ109_1.JPG,0109
MDZ109_2.JPG,0109
MDZ109_3.JPG,0109
MDZ110_1.JPG,0110
MDZ110_2.JPG,0110
MDZ110_3.JPG,0110
MDZ110_4.JPG,0110
MDZ111_1.JPG,0111
MDZ111_2.JPG,0111
MDZ111_3.JPG,0111
MDZ111_4.JPG,0111
MDZ112_1.JPG,0112
MDZ112_10.JPG,0112
MDZ112_11.JPG,0112
MDZ112_2.JPG,0112
MDZ112_3.JPG,0112
MDZ112_4.JPG,0112
MDZ112_5.JPG,0112
MDZ112_6.JPG,0112
MDZ112_7.JPG,0112
MDZ112_8.JPG,0112
MDZ112_9.JPG,0112
MDZ113_1.JPG,0113
MDZ113_2.JPG,0113
MDZ113_3.JPG,0113
MDZ113_4.JPG,0113
MDZ113_5.JPG,0113
MDZ113_6.JPG,0113
MDZ114_1.JPG,0114
MDZ114_2.JPG,0114
MDZ114_3.JPG,0114
MDZ114_4.JPG,0114
MDZ114_5.JPG,0114
MDZ114_6.JPG,0114
MDZ114_7.JPG,0114
MDZ114_8.JPG,0114
MDZ115_1.JPG,0115
MDZ115_2.JPG,0115
MDZ115_3.JPG,0115
MDZ115_4.JPG,0115
MDZ116_1.JPG,0116
MDZ116_2.JPG,0116
MDZ116_3.JPG,0116
MDZ116_4.JPG,0116
MDZ117_1.JPG,0117
MDZ117_2.JPG,0117
MDZ118_1.JPG,0118
MDZ118_2.JPG,0118
MDZ118_3.JPG,0118
MDZ119.JPG,0119
MDZ119_1.JPG,0119
MDZ119_2.JPG,0119
MDZ119_3.JPG,0119
MDZ119_4.JPG,0119
MDZ119_5.JPG,0119
MDZ120_1.JPG,0120
MDZ120_2.JPG,0120
MDZ120_3.JPG,0120
MDZ120_4.JPG,0120
MDZ120_5.JPG,0120
MDZ120_6.JPG,0120
MDZ120_7.JPG,0120
MDZ120_8.JPG,0120
MDZ121_1.JPG,0121
MDZ121_2.JPG,0121
MDZ121_3.JPG,0121
MDZ121_4.JPG,0121
MDZ121_5.jpeg,0121
MDZ121_5.JPG,0121
MDZ122_1.JPG,0122
MDZ122_2.JPG,0122
MDZ122_3.JPG,0122
MDZ122_4.JPG,0122
MDZ123.JPG,0123
MDZ124_1.JPG,0124
MDZ124_2.JPG,0124
MDZ124_3.JPG,0124
MDZ124_4.JPG,0124
MDZ124_5.JPG,0124
MDZ124_6.JPG,0124
MDZ124_7.JPG,0124
MDZ124_8.JPG,0124
MDZ124_9.JPG,0124
MDZ125_1.JPG,0125
MDZ125_2.JPG,0125
MDZ125_3.JPG,0125
MDZ125_4.JPG,0125
MDZ125_5.JPG,0125
MDZ125_6.JPG,0125
MDZ125_7.jpeg,0125
MDZ125_8.jpeg,0125
MDZ125_9.jpeg,0125
MDZ126_1.JPG,0126
MDZ126_2.JPG,0126
MDZ126_3.JPG,0126
MDZ126_4.JPG,0126
MDZ126_5.JPG,0126
MDZ126_6.JPG,0126
MDZ126_7.JPG,0126
MDZ127_1.JPG,0127
MDZ127_2.JPG,0127
MDZ128_1.JPG,0128
MDZ128_2.JPG,0128
MDZ128_3.JPG,0128
MDZ129_1.JPG,0129
MDZ129_2.JPG,0129
MDZ129_3.JPG,0129
MDZ129_4.JPG,0129
MDZ130_1.JPG,0130
MDZ130_2.JPG,0130
MDZ130_3.JPG,0130
MDZ130_4.JPG,0130
MDZ130_5.jpeg,0130
MDZ130_6.jpeg,0130
MDZ130_7.jpeg,0130
MDZ130_8.jpeg,0130
MDZ131_1.JPG,0131
MDZ131_2.JPG,0131
MDZ131_3.JPG,0131
MDZ131_4.JPG,0131
MDZ132_1.JPG,0132
MDZ132_2.JPG,0132
MDZ132_3.JPG,0132
MDZ132_5.JPG,0132
MDZ132_6.JPG,0132
MDZ133_1.JPG,0133
MDZ133_2.JPG,0133
MDZ133_3.JPG,0133
MDZ133_4.jpeg,0133
MDZ134_1.JPG,0134
MDZ134_2.JPG,0134
MDZ134_3.JPG,0134
MDZ134_4.JPG,0134
MDZ134_5.JPG,0134
MDZ135_1.JPG,0135
MDZ135_2.JPG,0135
MDZ135_3.JPG,0135
MDZ135_4.JPG,0135
MDZ136_1.JPG,0136
MDZ136_2.JPG,0136
MDZ136_3.JPG,0136
MDZ136_4.JPG,0136
MDZ137_1.JPG,0137
MDZ137_2.JPG,0137
MDZ137_3.JPG,0137
MDZ137_4.JPG,0137
MDZ138_1.JPG,0138
MDZ138_2.JPG,0138
MDZ138_3.JPG,0138
MDZ139_1.JPG,0139
MDZ139_2.JPG,0139
MDZ140.JPG,0140
MDZ140_1.JPG,0140
MDZ141.JPG,0141
MDZ141_1.JPG,0141
MDZ142.JPG,0142
MDZ143.JPG,0143
MDZ143_1.JPG,0143
MDZ143_2.JPG,0143
MDZ144.JPG,0144
MDZ144_1.JPG,0144
MDZ144_2.JPG,0144
MDZ145.JPG,0145
MDZ145_1.JPG,0145
MDZ145_2.JPG,0145
MDZ145_3.JPG,0145
MDZ145_4.JPG,0145
MDZ145_5.JPG,0145
MDZ146.JPG,0146
MDZ146_1.JPG,0146
MDZ146_2.JPG,0146
MDZ147.JPG,0147
MDZ147_1.JPG,0147
MDZ147_2.JPG,0147
MDZ147_3.JPG,0147
MDZ147_4.JPG,0147
MDZ148.JPG,0148
MDZ148_1.JPG,0148
MDZ149.JPG,0149
MDZ149_1.JPG,0149
MDZ150.JPG,0150
MDZ150_1.JPG,0150
MDZ150_2.JPG,0150
MDZ151.JPG,0151
MDZ151_1.JPG,0151
MDZ151_2.JPG,0151
MDZ152.JPG,0152
MDZ152_1.JPG,0152
MDZ152_2.JPG,0152
MDZ153.JPG,0153
MDZ153_1.JPG,0153
MDZ154.JPG,0154
MDZ154_1.JPG,0154
MDZ154_2.JPG,0154
MDZ155.JPG,0155
MDZ155_1.JPG,0155
MDZ155_2.JPG,0155
MDZ156.JPG,0156
MDZ156_1.JPG,0156
MDZ156_2.JPG,0156
MDZ157.JPG,0157
MDZ157_1.JPG,0157
MDZ157_2.JPG,0157
MDZ157_3.JPG,0157
MDZ158.JPG,0158
MDZ158_1.JPG,0158
MDZ159.JPG,0159
MDZ159_1.JPG,0159
MDZ160.JPG,0160
MDZ160_1.JPG,0160
MDZ160_2.JPG,0160
MDZ161.JPG,0161
MDZ161_1.JPG,0161
MDZ161_2.JPG,0161
MDZ162.JPG,0162
MDZ162_1.JPG,0162
MDZ163.JPG,0163
MDZ163_1.JPG,0163
MDZ163_2.JPG,0163
MDZ164.JPG,0164
MDZ164a.JPG,0164a
MDZ164a_1.JPG,0164a
MDZ164a_2.JPG,0164a
MDZ164a_3.JPG,0164a
MDZ164_1.JPG,0164
MDZ164_2.JPG,0164
MDZ164_4.JPG,0164
MDZ165.JPG,0165
MDZ165_1.JPG,0165
MDZ166.JPG,0166
MDZ166_1.JPG,0166
MDZ167.JPG,0167
MDZ167_1.JPG,0167
MDZ168.JPG,0168
MDZ168_1.JPG,0168
MDZ168_2.JPG,0168
MDZ168_3.JPG,0168
MDZ168_4.JPG,0168
MDZ169.JPG,0169
MDZ169_1.JPG,0169
MDZ170.JPG,0170
MDZ170_1.JPG,0170
MDZ170_2.JPG,0170
MDZ171.JPG,0171
MDZ171_1.JPG,0171
MDZ171_2.JPG,0171
MDZ172.JPG,0172
MDZ172_1.JPG,0172
QBA1001a_6.JPG,1001a
QBA1011_1.JPG,1011
QBA1011_4.JPG,1011
QBA1014_1.JPG,1014
QBA1017.JPG,1017
QBA1017_2.JPG,1017
QBA1018_3.JPG,1018
QBA1019_3.JPG,1019
QBA1049.JPG,1049
QBA1061.JPG,1061
QBA1061_6.JPG,1061
QBA1067_2.JPG,1067
QBA1070a.JPG,1070a
QBA1073.JPG,1073
QBA1074_5.JPG,1074
QBA1076a_9.JPG,1076a
QBA1084.JPG,1084
QBA1087_2.JPG,1087
QBA1095_4.JPG,1095
QBA1096a_1.JPG,1096a
QBA1096a_2.JPG,1096a
QBA1101_6.JPG,1101
QBA1102_7.JPG,1102
QBA1115_2.JPG,1115
QBA1141_1.JPG,1141
QBA1149.JPG,1149
QBA1153_1.JPG,1153
QBA1156.JPG,1156
QBA1156_10.JPG,1156
QBA1156_11.JPG,1156
QBA1156_2.JPG,1156
QBA1156_5.JPG,1156
QBA1156_6.JPG,1156
QBA1156_8.JPG,1156
SDB1001_1.JPG,1001
SDB1001_2.JPG,1001
SDB1002_1.JPG,1002
SDB1002_2.JPG,1002
SDB1003.JPG,1003
SDB1004.JPG,1004
SDB1005.JPG,1005
SDB1006.JPG,1006
SDB1007.JPG,1007
SDB1008.JPG,1008
SDB1009.JPG,1009
SDB1009_1.JPG,1009
SDB1010.JPG,1010
SDB1011.JPG,1011
SDB1012.JPG,1012
SDB1013.JPG,1013
SDB1014.JPG,1014
SDB1015.JPG,1015
SDB1016.JPG,1016
SDB1017.JPG,1017
SDB1018.JPG,1018
SDB1018a.JPG,1018a
SDB1019.JPG,1019
SDB1020.JPG,1020
SDB1021.JPG,1021
SDB1022.JPG,1022
SDB1022_1.JPG,1022
SDB1024.JPG,1024
SDB1025.JPG,1025
SDB1026.JPG,1026
SDB1027.JPG,1027
SDB1028.JPG,1028
SDB1029.JPG,1029
SDB1030.JPG,1030
SDB1031.JPG,1031
SDB1031a_1.JPG,1031a
SDB1031a_2.JPG,1031a
SDB1032.JPG,1032
SDB1033.JPG,1033
SDB1034.JPG,1034
SDB1035.JPG,1035
SDB1035_1.JPG,1035
SDB1036.JPG,1036
SDB1037_1.JPG,1037
SDB1037_2.JPG,1037
SDB1038.JPG,1038
SDB1039.JPG,1039
SDB1039_1.JPG,1039
SDB1040.JPG,1040
SDB1041.JPG,1041
SDB1042.JPG,1042
SDB1043.JPG,1043
SDB2001.JPG,2001
SDB2002.JPG,2002
SDB2003.JPG,2003
SDB2004.JPG,2004
SDB2004_1.JPG,2004
SDB2005.JPG,2005
SDB2006.JPG,2006
SDB2007.JPG,2007
SDB2008.JPG,2008
SDB2009.JPG,2009
SDB2009_1.JPG,2009
SDB2009_2.JPG,2009
SDB2010.JPG,2010
SDB2011.JPG,2011
SDB2012.JPG,2012
SDB2013.JPG,2013
SDB2014.JPG,2014
SDB2015.JPG,2015
SDB2016.JPG,2016
SDB2017.JPG,2017
SDB2018.JPG,2018
SDB2019.JPG,2019
SDB2020.JPG,2020
SDB2021.JPG,2021
SDB2021_1.JPG,2021
SDB2022.JPG,2022
SDB2023.JPG,2023
SDB2023_1.JPG,2023
SDB2024.JPG,2024
SDB2025.JPG,2025
SDB2026.JPG,2026
SDB2027_1.JPG,2027
SDB2027_2.JPG,2027
SDB2028.JPG,2028
SDB2028a.JPG,2028a
SDB2029.JPG,2029
SDB2030.JPG,2030
SDB2031.JPG,2031
SDB2032.JPG,2032
SDB2033.JPG,2033
SDB2034.JPG,2034
SDB2035.JPG,2035
SDB2036.JPG,2036
SDB2037.JPG,2037
SDB2037_1.JPG,2037
SDB2038.JPG,2038
SDB2039.JPG,2039
SDB2040.JPG,2040
SDB2041.JPG,2041
SDB2042.JPG,2042
SDB226.JPG,0226
SDB272.JPG,0272
SDB274.JPG,0274
SDB274_1.JPG,0274
SDB274_2.JPG,0274
SDB275.JPG,0275
SDB276.JPG,0276
SDB277.JPG,0277
SDB278.JPG,0278
SDB279.JPG,0279
SDB280.JPG,0280
SDB281.JPG,0281
SDB282.JPG,0282
SDB283.JPG,0283
SDB284.JPG,0284
SDB284_1.JPG,0284
SDB284_2.JPG,0284
SDB285.JPG,0285
SDB286.JPG,0286
SDB286_1.JPG,0286
SDB289.JPG,0289
SDB295.JPG,0295
TUL001.JPG,0001
TUL001_1.JPG,0001
TUL002.JPG,0002
TUL002_1.JPG,0002
TUL003.JPG,0003
TUL003_1.JPG,0003
TUL004.JPG,0004
TUL004_1.JPG,0004
TUL004_2.JPG,0004
TUL005.JPG,0005
TUL005_1.JPG,0005
TUL006.JPG,0006
TUL006_1.JPG,0006
TUL006_2.JPG,0006
TUL007.JPG,0007
TUL007_2.JPG,0007
TUL008.JPG,0008
TUL008_1.JPG,0008
TUL008_2.JPG,0008
TUL008_3.JPG,0008
TUL009.JPG,0009
TUL009_1.JPG,0009
TUL009_2.JPG,0009
TUL010.JPG,0010
TUL011.JPG,0011
TUL011_1.JPG,0011
TUL012.JPG,0012
TUL012_1.JPG,0012
TUL012_2.JPG,0012
TUL012_3.JPG,0012
TUL012_4.JPG,0012
TUL012_5.JPG,0012
TUL013.JPG,0013
TUL013_1.JPG,0013
TUL014.JPG,0014
TUL014_1.JPG,0014
TUL014_2.JPG,0014
TUL014_3.JPG,0014
TUL014_5.JPG,0014
TUL015.JPG,0015
TUL015_1.JPG,0015
TUL015_2.JPG,0015
TUL015_3.JPG,0015
TUL016.JPG,0016
TUL016_1.JPG,0016
TUL016_2.JPG,0016
TUL016_3.JPG,0016
TUL016_4.JPG,0016
TUL016_5.JPG,0016
TUL017.JPG,0017
TUL017_1.JPG,0017
TUL017_2.JPG,0017
TUL017_3.JPG,0017
TUL018.JPG,0018
TUL018_1.JPG,0018
TUL019.JPG,0019
TUL019_1.JPG,0019
TUL019_2.JPG,0019
TUL020.JPG,0020
TUL020_1.JPG,0020
TUL021.JPG,0021
TUL021_1.JPG,0021
TUL021_2.JPG,0021
TUL021_3.JPG,0021
TUL021_4.JPG,0021
TUL021_5.JPG,0021
TUL021_6.JPG,0021
TUL022.JPG,0022
TUL022_1.JPG,0022
TUL022_2.JPG,0022
TUL023.JPG,0023
TUL023_1.JPG,0023
TUL023_2.JPG,0023
TUL023_3.JPG,0023
TUL023_4.JPG,0023
TUL023_5.JPG,0023
TUL023_6.JPG,0023
TUL024.JPG,0024
TUL024_1.JPG,0024
TUL024_2.JPG,0024
TUL024_3.JPG,0024
TUL025.JPG,0025
TUL025_1.JPG,0025
TUL025_2.JPG,0025
TUL025_3.JPG,0025
TUL025_4.JPG,0025
TUL025_5.JPG,0025
TUL026.JPG,0026
TUL026_1.JPG,0026
TUL026_2.JPG,0026
TUL027.JPG,0027
TUL027_1.JPG,0027
TUL028.JPG,0028
TUL028_1.JPG,0028
TUL028_2.JPG,0028
TUL028_3.JPG,0028
TUL029.JPG,0029
TUL030.JPG,0030
TUL030_1.JPG,0030
TUL030_2.JPG,0030
TUL030_3.JPG,0030
TUL031.JPG,0031
TUL031_1.JPG,0031
TUL031_2.JPG,0031
TUL031_3.JPG,0031
TUL032.JPG,0032
TUL032_1.JPG,0032
TUL032_3.JPG,0032
TUL032_4.JPG,0032
TUL033.JPG,0033
TUL033_1.JPG,0033
TUL034.JPG,0034
TUL034_1.JPG,0034
TUL034_2.JPG,0034
TUL034_3.JPG,0034
TUL034_4.JPG,0034
TUL035.JPG,0035
TUL035_1.JPG,0035
TUL035_2.JPG,0035
TUL035_3.JPG,0035
TUL035_4.JPG,0035
TUL036.JPG,0036
TUL036_1.JPG,0036
TUL036_2.JPG,0036
TUL038.JPG,0038
TUL038_1.JPG,0038
TUL039.JPG,0039
TUL039_1.JPG,0039
TUL039_2.JPG,0039
TUL039_3.JPG,0039
TUL039_4.JPG,0039
TUL040.JPG,0040
TUL040_1.JPG,0040
TUL040_2.JPG,0040
TUL040_3.JPG,0040
TUL040_4.JPG,0040
TUL040_5.JPG,0040
TUL040_6.JPG,0040
TUL040_7.JPG,0040
TUL041.JPG,0041
TUL041_1.JPG,0041
TUL041_2.JPG,0041
TUL042.JPG,0042
TUL042_1.JPG,0042
TUL042_3.JPG,0042
TUL042_4.JPG,0042
TUL042_5.JPG,0042
TUL043.JPG,0043
TUL043_1.JPG,0043
TUL043_2.JPG,0043
TUL043_3.JPG,0043
TUL044.JPG,0044
TUL044_1.JPG,0044
TUL044_2.JPG,0044
TUL044_3.JPG,0044
TUL044_4.JPG,0044
TUL044_5.JPG,0044
TUL045.JPG,0045
TUL045_1.JPG,0045
TUL045_2.JPG,0045
TUL045_3.JPG,0045
TUL045_4.JPG,0045
TUL045_5.JPG,0045
TUL046.JPG,0046
TUL046_1.JPG,0046
TUL046_2.JPG,0046
TUL046_3.JPG,0046
TUL047.JPG,0047
TUL047_1.JPG,0047
TUL048.JPG,0048
TUL048_1.JPG,0048
TUL049.JPG,0049
TUL049_1.JPG,0049
TUL050.JPG,0050
TUL050_1.JPG,0050
TUL051.JPG,0051
TUL051_1.JPG,0051
TUL051_2.JPG,0051
TUL052.JPG,0052
TUL052_1.JPG,0052
TUL052_2.JPG,0052
TUL052_3.JPG,0052
TUL053.JPG,0053
TUL053_1.JPG,0053
TUL053_2.JPG,0053
TUL054.JPG,0054
TUL054_1.JPG,0054
TUL054_2.JPG,0054
TUL055.JPG,0055
TUL055_1.JPG,0055
TUL055_10.JPG,0055
TUL055_3.JPG,0055
TUL055_6.JPG,0055
TUL055_9.JPG,0055
TUL056.JPG,0056
TUL056_1.JPG,0056
TUL056_2.JPG,0056
TUL056_3.JPG,0056
TUL056_4.JPG,0056
TUL057.JPG,0057
TUL057_1.JPG,0057
TUL057_2.JPG,0057
TUL057_3.JPG,0057
TUL058.JPG,0058
TUL058_1.JPG,0058
TUL058_2.JPG,0058
TUL058_3.JPG,0058
TUL058_4.JPG,0058
TUL058_5.JPG,0058
TUL058_6.JPG,0058
TUL058_7.JPG,0058
TUL058_8.JPG,0058
TUL058_9.JPG,0058
TUL059.JPG,0059
TUL059_1.JPG,0059
TUL059_2.JPG,0059
TUL059_3.JPG,0059
TUL060.JPG,0060
TUL060_1.JPG,0060
TUL060_2.JPG,0060
TUL061.JPG,0061
TUL061_1.JPG,0061
TUL062.JPG,0062
TUL063.JPG,0063
TUL063_1.JPG,0063
TUL064.JPG,0064
TUL065.JPG,0065
TUL065_1.JPG,0065
TUL065_2.JPG,0065
TUL065_3.JPG,0065
TUL066.JPG,0066
TUL066_1.JPG,0066
TUL066_2.JPG,0066
TUL066_3.JPG,0066
TUL067.JPG,0067
TUL067_1.JPG,0067
TUL067_2.JPG,0067
TUL067_3.JPG,0067
TUL067_4.JPG,0067
TUL067_5.JPG,0067
TUL068.JPG,0068
TUL068_1.JPG,0068
TUL068_2.JPG,0068
TUL068_3.JPG,0068
TUL068_4.JPG,0068
TUL068_5.JPG,0068
TUL068_6.JPG,0068
TUL068_7.JPG,0068
TUL069.JPG,0069
TUL069_1.JPG,0069
TUL070.JPG,0070
TUL070_1.JPG,0070
TUL070_2.JPG,0070
TUL070_3.JPG,0070
TUL070_4.JPG,0070
TUL071.JPG,0071
TUL071_1.JPG,0071
TUL071_2.JPG,0071
TUL071_3.JPG,0071
TUL071_4.JPG,0071
TUL071_5.JPG,0071
TUL071_6.JPG,0071
TUL072.JPG,0072
TUL072_1.JPG,0072
TUL072_2.JPG,0072
TUL072_3.JPG,0072
TUL072_4.JPG,0072
TUL072_5.JPG,0072
TUL073.JPG,0073
TUL073_1.JPG,0073
TUL073_2.JPG,0073
TUL073_3.JPG,0073
TUL074.JPG,0074
TUL074_1.JPG,0074
TUL075.JPG,0075
TUL075_1.JPG,0075
TUL075_2.JPG,0075
TUL075_3.JPG,0075
TUL076.JPG,0076
TUL076_1.JPG,0076
TUL076_2.JPG,0076
TUL076_3.JPG,0076
TUL077.JPG,0077
TUL077_1.JPG,0077
TUL078.JPG,0078
TUL078_1.JPG,0078
TUL078_2.JPG,0078
TUL079.JPG,0079
TUL079_1.JPG,0079
TUL079_2.JPG,0079
TUL080.JPG,0080
TUL080_1.JPG,0080
TUL081.JPG,0081
TUL081_1.JPG,0081
TUL081_2.JPG,0081
TUL081_3.JPG,0081
TUL082.JPG,0082
TUL082_1.JPG,0082
TUL082_2.JPG,0082
TUL082_3.JPG,0082
TUL082_4.JPG,0082
TUL082_5.JPG,0082
TUL082_6.JPG,0082
TUL083.JPG,0083
TUL083_1.JPG,0083
TUL083_2.JPG,0083
TUL083_3.JPG,0083
TUL084.JPG,0084
TUL084_1.JPG,0084
TUL085.JPG,0085
TUL085_1.JPG,0085
TUL085_2.JPG,0085
TUL086.JPG,0086
TUL086_1.JPG,0086
TUL086_2.JPG,0086
TUL086_3.JPG,0086
TUL086_4.JPG,0086
TUL086_5.JPG,0086
TUL086_6.JPG,0086
TUL086_7.JPG,0086
TUL087.JPG,0087
TUL087_1.JPG,0087
TUL087_2.JPG,0087
TUL087_3.JPG,0087
TUL087_4.JPG,0087
TUL088.JPG,0088
TUL089.JPG,0089
TUL089_1.JPG,0089
TUL089_2.JPG,0089
TUL090.JPG,0090
TUL090_1.JPG,0090
TUL090_2.JPG,0090
TUL090_3.JPG,0090
TUL090_4.JPG,0090
TUL090_5.JPG,0090
TUL091.JPG,0091
TUL091_1.JPG,0091
TUL091_2.JPG,0091
TUL091_3.JPG,0091
TUL091_4.JPG,0091
TUL091_5.JPG,0091
TUL092.JPG,0092
TUL093.JPG,0093
TUL093_1.JPG,0093
TUL094.JPG,0094
TUL094_1.JPG,0094
TUL094_2.JPG,0094
TUL095.JPG,0095
TUL095_1.JPG,0095
TUL095_2.JPG,0095
TUL095_3.JPG,0095
TUL096.JPG,0096
TUL096_1.JPG,0096
TUL096_2.JPG,0096
TUL097.JPG,0097
TUL097_1.JPG,0097
TUL098.JPG,0098
TUL098_1.JPG,0098
TUL099.JPG,0099
TUL099_1.JPG,0099
TUL100.JPG,0100
TUL100_1.JPG,0100
TUL100_2.JPG,0100
TUL101.JPG,0101
TUL101_1.JPG,0101
TUL101_2.JPG,0101
TUL102.JPG,0102
TUL102_1.JPG,0102
TUL103.JPG,0103
TUL103_1.JPG,0103
TUL103_2.JPG,0103
TUL103_3.JPG,0103
TUL103_4.JPG,0103
TUL104.JPG,0104
TUL104_1.JPG,0104
TUL104_2.JPG,0104
TUL104_3.JPG,0104
TUL105.JPG,0105
TUL105_1.JPG,0105
TUL105_2.JPG,0105
TUL800_1.JPG,0800
TUL800_6.JPG,0800
TUL800_8.JPG,0800
TUL801_1.JPG,0801
TUL802_1.JPG,0802
TUL803_1.JPG,0803
TUL803_2.JPG,0803
TUL803_3.JPG,0803
TUL804_1.JPG,0804
TUL804_3.JPG,0804
TUL805_2.JPG,0805
TUL806.JPG,0806
TUL806_2.JPG,0806
TUL807_1.JPG,0807
TUL807_2.JPG,0807
TUL807_4.JPG,0807
TUL808_2.JPG,0808
TUL808_3.JPG,0808
TUL809_1.JPG,0809
TUL809_3.JPG,0809
TUL809_5.JPG,0809
TUL809_7.JPG,0809
TUL810_1.JPG,0810
TUL810_10.JPG,0810
TUL810_2.JPG,0810
TUL810_4.JPG,0810
TUL810_5.JPG,0810
TUL810_6.JPG,0810
TUL810_7.JPG,0810
TUL811_3.JPG,0811
TUL812_1.JPG,0812
TUL812_3.JPG,0812
TUL812_4.JPG,0812
TUL812_5.JPG,0812
TUL813_1.JPG,0813
TUL813_2.JPG,0813
TUL814_1.JPG,0814
TUL814_2.JPG,0814
TUL814_3.JPG,0814
TUL815_2.JPG,0815
TUL815_3.JPG,0815
TUL815_6.JPG,0815
TUL816.JPG,0816
TUL816_1.JPG,0816
TUL816_10.JPG,0816
TUL816_11.JPG,0816
TUL816_12.JPG,0816
TUL816_13.JPG,0816
TUL816_15.JPG,0816
TUL816_16.JPG,0816
TUL816_19.JPG,0816
TUL816_20.JPG,0816
TUL816_21.JPG,0816
TUL816_3.JPG,0816
TUL816_7.JPG,0816
TUL816_8.JPG,0816
TUL817_1.JPG,0817
TUL818_2.JPG,0818
TUL818_4.JPG,0818
TUL818_6.JPG,0818
TUL818_8.JPG,0818
TUL819_1.JPG,0819
TUL821_1.JPG,0821
TUL821_2.JPG,0821
TUL821_3.JPG,0821
TUL821_4.JPG,0821
TUL822_1.JPG,0822
TUL822_2.JPG,0822
TUL822_3.JPG,0822
TUL823_2.JPG,0823
TUL823_3.JPG,0823
TUL824_1.JPG,0824
TUL824_4.JPG,0824
TUL824_5.JPG,0824
TUL824_6.JPG,0824
TUL825_1.JPG,0825
TUL825_2.JPG,0825
TUL825_3.JPG,0825
TUL826_2.JPG,0826
TUL827.JPG,0827
TUL828_1.JPG,0828
TUL828_2.JPG,0828
TUL828_3.JPG,0828
TUL829.JPG,0829
TUL830_1.JPG,0830
TUL830_2.JPG,0830
TUL830_4.JPG,0830
TUL831.JPG,0831
TUL831_2.JPG,0831
TUL831_4.JPG,0831
TUL831_5.JPG,0831
TUL832_1.JPG,0832
TUL832_2.JPG,0832
TUL833_1.JPG,0833
TUL833_2.JPG,0833
TUL833_4.JPG,0833
TUL834_1.JPG,0834
TUL834_2.JPG,0834
TUL835.JPG,0835
TUL836_1.JPG,0836
TUL836_3.JPG,0836
TUL836_4.JPG,0836
TUL837_1.JPG,0837
TUL837_3.JPG,0837
TUL838_1.JPG,0838
TUL840_2.JPG,0840
TUL840_3.JPG,0840
TUL841_1.JPG,0841
TUL842.JPG,0842
TUL843_1.JPG,0843
TUL843_3.JPG,0843
TUL844_1.JPG,0844
TUL844_2.JPG,0844
TUL845_1.JPG,0845
TUL845_2.JPG,0845
TUL846_1.JPG,0846
TUL847_1.JPG,0847
TUL848_1.JPG,0848
TUL848_3.JPG,0848
TUL848_5.JPG,0848
TUL848_6.JPG,0848
TUL848_7.JPG,0848
TUL849_1.JPG,0849
TUL849_2.JPG,0849
TUL849_3.JPG,0849
TUL849_4.JPG,0849
TUL850_1.JPG,0850
TUL850_3.JPG,0850
TUL850_4.JPG,0850
TUL851 _2.JPG,0851
TUL851 _3.JPG,0851
TUL851.JPG,0851
TUL851_1.JPG,0851
TUL852 _3.JPG,0852
TUL852 _5.JPG,0852
TUL852.JPG,0852
TUL852_1.JPG,0852
TUL853_1.JPG,0853
TUL853_3.JPG,0853
TUL853_4.JPG,0853
TUL854 _1.JPG,0854
TUL854 _2.JPG,0854
TUL854 _3.JPG,0854
TUL854 _4.JPG,0854
TUL854.JPG,0854
TUL855 _10.JPG,0855
TUL855 _9.JPG,0855
TUL855.JPG,0855
TUL855_1.JPG,0855
TUL855_3.JPG,0855
TUL855_5.JPG,0855
TUL855_7.JPG,0855
TUL856.JPG,0856
TUL856_7.JPG,0856
TUL857.JPG,0857
TUL858_1.JPG,0858
TUL859.JPG,0859
TUL859_3.JPG,0859
TUL860.JPG,0860
TUL861.JPG,0861
TUL862_1.JPG,0862
TUL862_3.JPG,0862
TUL863.JPG,0863
TUL863_1.JPG,0863
TUL863_2.JPG,0863
TUL864.JPG,0864
TUL864_1.JPG,0864
TUL865 _2.JPG,0865
TUL865 _3.JPG,0865
TUL865_1.JPG,0865
TUL866.JPG,0866
TUL867.JPG,0867
TUL868 _3.JPG,0868
TUL868 _4.JPG,0868
TUL868_1.JPG,0868
TUL868_2.JPG,0868
TUL869_1.JPG,0869
TUL870 _3.JPG,0870
TUL870 _4.JPG,0870
TUL870.JPG,0870
TUL870_1.JPG,0870
TUL871.JPG,0871
TUL871_1.JPG,0871
TUL872.JPG,0872
TUL872_1.JPG,0872
TUL872_10.JPG,0872
TUL872_12.JPG,0872
TUL872_16.JPG,0872
TUL872_18.JPG,0872
TUL872_2.JPG,0872
TUL872_4.JPG,0872
TUL872_6.JPG,0872
TUL872_8.JPG,0872
TUL873.JPG,0873
TUL873_1.JPG,0873
TUL874.JPG,0874
TUL874_1.JPG,0874
TUL875.JPG,0875
TUL875_1.JPG,0875
TUL876.JPG,0876
TUL876_1.JPG,0876
TUL877.JPG,0877
TUL877_1.JPG,0877
TUL878.JPG,0878
TUL878_1.JPG,0878
TUL879_1.JPG,0879
TUL879_2.JPG,0879
TUL879_3.JPG,0879
TUL879_5.JPG,0879
TUL880.JPG,0880
TUL880_1.JPG,0880
TUL881.JPG,0881
TUL881_1.JPG,0881
TUL882.JPG,0882
TUL882_1.JPG,0882
TUL883.JPG,0883
TUL883_1.JPG,0883
TUL884.JPG,0884
TUL884_1.JPG,0884
TUL885.JPG,0885
TUL886.JPG,0886
TUL886_3.JPG,0886
TUL887.JPG,0887
TUL888.JPG,0888
TUL888_1.JPG,0888
TUL889.JPG,0889
TUL889_1.JPG,0889
TUL889_2.JPG,0889
TUL890.JPG,0890
TUL890_1.JPG,0890
TUL891_1.JPG,0891
TUL892.JPG,0892
TUL893.JPG,0893
TUL893_1.JPG,0893
TUL893_10.JPG,0893
TUL893_11.JPG,0893
TUL893_3.JPG,0893
TUL893_5.JPG,0893
TUL893_7.JPG,0893
TUL893_9.JPG,0893
TUL894 _2.JPG,0894
TUL894_1.JPG,0894
TUL895.JPG,0895
TUL895_1.JPG,0895
TUL896.JPG,0896
TUL896_11.JPG,0896
TUL903_2.JPG,0903
TUL903_5.JPG,0903
TUL920.JPG,0920
TUL920_1.JPG,0920
